,,,,,,,,,,,,,,,,,,,,,,,,,,323,322,321,320,319,,,,,,,,,,,,,,,,,,268,267,266,265,264,,,,,,,,,,,,,,,,,173,172,171,1970,169,168,167,,,,,,,,,,,,,,,,,,,,,,,,,
,,,,,,,,,,,,,,,,,,,,,,,,,324,,,,,,318,,,,,,,,,,,,,,,,269,,,,,,263,,,,,,,,,,,,,,,,174,,,,,,166,,,,,,,,,,,,,,,,,,,,,,,,,
,,,,,,,,,,,,,,,,,,,,,,,,325,,,,,,,,317,,,,,,,,,,,,,,270,,,,,,,,262,,,,,,,,,,,,,,175,,,,,,,,165,,,,,,,,,,,,,,,,,,,,,,,,
,,,,,,,,,,,,,,,,,,,,,,,326,,,,,,,,,,316,,,,,,,,,,,,271,,,,,,,,,,261,,,,,,,,,,,,176,,,,,,,,,,164,,,,,,,,,,,,,,,,,,,,,,,
,,,,,,,,,,,,,,,,,,,,,,327,,,,,,,,,,,,315,,,,,,,,,,272,,,,,,,,,,,,260,,,,,,,,,,177,,,,,,,,,,,,163,,,,,,,,,,,,,,,,,,,,,,
,,,,,,,,,,,,,,,,,,,,,328,,,,,,,,,,,,,,314,,,,,,,,273,,,,,,,,,,,,,,259,,,,,,,,178,,,,,,,,,,,,,,162,,,,,,,,,,,,,,,,,,,,,
,,,,,,,,,,,,,,,,,,,,,329,,,,,,,,,,,,,,313,,,,,,,,274,,,,,,,,,,,,,,258,,,,,,,,179,,,,,,,,,,,,,,161,,,,,,,,,,,,,,,,,,,,,
,,,,,,,,,,,,,,,,,,,,,,330,,,,,,,,,,,,312,,,283,282,281,280,279,,,275,,,,,,,,,,,,257,,,193,192,191,190,189,,,180,,,,,,,,,,,,160,,,,,,,,,,,,,,,,,,,,,,
,,,,,,,,,,,,,,,,,,,,,,,331,,,,,,,,,,311,,,284,,,,,,308,,,276,,,,,,,,,,256,,,194,,,,,,218,,,181,,,,,,,,,,159,,,,,,,,,,,,,,,,,,,,,,,
,,,,,,,,,,,,,,,,,,,,,,,,332,,,,,,,,310,,,285,,,,,,,,307,,,277,,,,,,,,255,,,195,,,,,,,,217,,,182,,,,,,,,158,,,,,,,,,,,,,,,,,,,,,,,,
,,,,,,,,,,,,,,,,,,,,,,,,,333,,,,,,309,,,286,,,,,,,,,,306,,,278,,,,,,254,,,196,,,,,,,,,,216,,,183,,,,,,157,,,,,,,,,,,,,,,,,,,,,,,,,
,,,,,,,,,,,,,,,,,,,,,,,,,,334,335,336,337,338,,,287,,,,,,,,,,,,305,,,249,250,251,252,253,,,197,,,,,,,,,,,,215,,,184,185,186,187,188,156,,,,,,,,,,,,,,,,,,,,,,,,,
,,,,,,,,,,,,,,,,,,,,,,,,,,,,,,,,288,,,,,,,,,,,,,,304,,,,,,,,198,,,,,,,,,,,,,,214,,,,,,,,,,,,,,,,,,,,,,,,,,,,,,,,
,,,,,,,,,,,,,,,,,,,,,,,,,,,,,,,,289,,,,,,,,,,,,,,303,,,,,,,,199,,,,,,,,,,,,,,213,,,,,,,,,,,,,,,,,,,,,,,,,,,,,,,,
,,,,,,,,,,,,,,,,,,,,,,,,,,364,363,362,361,360,,,290,,,,,,,,,,,,302,,,223,222,221,220,219,,,200,,,,,,,,,,,,212,,,135,134,133,132,131,130,,,,,,,,,,,,,,,,,,,,,,,,,
,,,,,,,,,,,,,,,,,,,,,,,,,365,,,,,,359,,,291,,,,,,,,,,301,,,224,,,,,,248,,,201,,,,,,,,,,211,,,136,,,,,,129,,,,,,,,,,,,,,,,,,,,,,,,,
,,,,,,,,,,,,,,,,,,,,,,,,366,,,,,,,,358,,,292,,,,,,,,300,,,225,,,,,,,,247,,,202,,,,,,,,210,,,137,,,,,,,,128,,,,,,,,,,,,,,,,,,,,,,,,
,,,,,,,,,,,,,,,,,,,,,,,367,,,,,,,,,,357,,,293,,,,,,299,,,226,,,,,,,,,,246,,,203,,,,,,209,,,138,,,,,,,,,,127,,,,,,,,,,,,,,,,,,,,,,,
,,,,,,,,,,,,,,,,,,,,,,368,,,,,,,,,,,,356,,,294,295,296,297,298,,,227,,,,,,,,,,,,245,,,204,205,206,207,208,,,139,,,,,,,,,,,,126,,,,,,,,,,,,,,,,,,,,,,
,,,,,,,,,,,,,,,,,,,,,369,,,,,,,,,,,,,,355,,,,,,,,228,,,,,,,,,,,,,,244,,,,,,,,140,,,,,,,,,,,,,,125,,,,,,,,,,,,,,,,,,,,,
,,,,,,,,,,,,,,,,,,,,,339,,,,,,,,,,,,,,354,,,,,,,,229,,,,,,,,,,,,,,243,,,,,,,,141,,,,,,,,,,,,,,155,,,,,,,,,,,,,,,,,,,,,
,,,,,,,,,,,,,,,,,,,,,,340,,,,,,,,,,,,353,,,,,,,,,,230,,,,,,,,,,,,242,,,,,,,,,,142,,,,,,,,,,,,154,,,,,,,,,,,,,,,,,,,,,,
,,,,,,,,,,,,,,,,374,373,372,371,370,,,341,,,,,,,,,,352,,,,,,,,,,,,231,,,,,,,,,,241,,,,,,,,,,,,143,,,,,,,,,,153,,99,98,97,96,95,94,93,,,,,,,,,,,,,,,
,,,,,,,,,,,,,,,375,,,,,,399,,,342,,,,,,,,351,,,,,,,,,,,,,,232,,,,,,,,240,,,,,,,,,,,,,,144,,,,,,,,152,,,100,,,,,,124,,,,,,,,,,,,,,,
,,,,,,,,,,,,,,376,,,,,,,,398,,,343,344,,,,,350,,,,,,,,,,,,,,,,233,,,,,,239,,,,,,,,,,,,,,,,145,,,,,,151,,,101,,,,,,,,123,,,,,,,,,,,,,,
,,,,,,,,,,,,,377,,,,,,,,,,397,,,345,346,347,348,349,,,,,,,,,,,,,,,,,,234,235,236,237,238,,,,,,,,,,,,,,,,,,146,147,148,149,150,,,102,,,,,,,,,,122,,,,,,,,,,,,,
,,,,,,,,,,,,378,,,,,,,,,,,,396,,,,,,,,,,,,,,,,,,,,,,,,,,,,,,,,,,,,,,,,,,,,,,,,,,,,103,,,,,,,,,,,,121,,,,,,,,,,,,
,,,,,,,,,,,379,,,,,,,,,,,,,,395,,,,,,,,,,,,,,,,,,,,,,,,,,,,,,,,,,,,,,,,,,,,,,,,,,104,,,,,,,,,,,,,,120,,,,,,,,,,,
,,,,,,,,,,,380,,,,,,,,,,,,,,394,,,,,,,,,,,,,,,,,,,,,,,,,,,,,,,,,,,,,,,,,,,,,,,,,,105,,,,,,,,,,,,,,119,,,,,,,,,,,
,,,,,409,408,407,406,405,,,381,,,,,,,,,,,,393,,,,,,,,,,,,,,,,,,,,,,,,,,,,,,,,,,,,,,,,,,,,,,,,,,,,106,,,,,,,,,,,,118,,87,86,85,84,83,82,,,,,
,,,,410,,,,,,404,,,382,,,,,,,,,,392,,,,,,,,,,,,,,,,,,,,,,,,,,,,,,,,,,,,,,,,,,,,,,,,,,,,,,107,,,,,,,,,,117,,,88,,,,,,81,,,,
,,,411,,,,,,,,403,,,383,,,,,,,,391,,,,,,x,x,x,x,x,x,x,x,x,x,x,x,x,x,x,x,x,x,x,x,x,x,x,x,x,x,x,x,x,x,x,x,x,x,x,x,x,x,x,x,x,x,x,x,x,,,,,,108,,,,,,,,116,,,89,,,,,,,,80,,,
,,412,,,,,,,,,,402,,,384,,,,,,390,,,,,,,x,x,x,x,x,x,x,x,x,x,x,x,x,x,x,x,x,x,x,x,x,x,x,x,x,x,x,x,x,x,x,x,x,x,x,x,x,x,x,x,x,x,x,x,x,,,,,,,109,,,,,,115,,,90,,,,,,,,,,79,,
,413,,,,,,,,,,,,401,,,385,386,387,388,389,,,,,,,,x,x,x,x,x,x,x,x,x,x,x,x,x,x,x,x,x,x,x,x,x,x,x,x,x,x,x,x,x,x,x,x,x,x,x,x,x,x,x,x,x,x,x,x,x,,,,,,,,110,111,112,113,114,,,91,,,,,,,,,,,,78,
414,,,,,,,,,,,,,,400,,,,,,,,,,,,,,x,x,x,x,x,x,x,x,x,x,x,x,x,x,x,x,x,x,x,x,x,x,x,x,x,x,x,x,x,x,x,x,x,x,x,x,x,x,x,x,x,x,x,x,x,,,,,,,,,,,,,,92,,,,,,,,,,,,,,77
415,,,,,,,,,,,,,,429,,,,,,,,,,,,,,x,x,x,x,x,x,x,x,x,x,x,x,x,x,x,x,x,x,x,x,x,x,x,x,x,x,x,x,x,x,x,x,x,x,x,x,x,x,x,x,x,x,x,x,x,,,,,,,,,,,,,,61,,,,,,,,,,,,,,76
,416,,,,,,,,,,,,428,,,449,448,447,446,445,,,,,,,,x,x,x,x,x,x,x,x,x,x,x,x,x,x,x,x,x,x,x,x,x,x,x,x,x,x,x,x,x,x,x,x,x,x,x,x,x,x,x,x,x,x,x,x,x,,,,,,,,45,44,43,42,41,40,,62,,,,,,,,,,,,75,
,,417,,,,,,,,,,427,,,450,,,,,,444,,,,,,,x,x,x,x,x,x,x,x,x,x,x,x,x,x,x,x,x,x,x,x,x,x,x,x,x,x,x,x,x,x,x,x,x,x,x,x,x,x,x,x,x,x,x,x,x,,,,,,,46,,,,,,39,,,63,,,,,,,,,,74,,
,,,418,,,,,,,,426,,,451,,,,,,,,443,,,,,,x,x,x,x,x,x,x,x,x,x,x,x,x,x,x,x,x,x,x,x,x,x,x,x,x,x,x,x,x,x,x,x,x,x,x,x,x,x,x,x,x,x,x,x,x,,,,,,47,,,,,,,,38,,,64,,,,,,,,73,,,
,,,,419,,,,,,425,,,452,,,,,,,,,,442,,,,,x,x,x,x,x,x,x,x,x,x,x,x,x,x,x,x,x,x,x,x,x,x,x,x,x,x,x,x,x,x,x,x,x,x,x,x,x,x,x,x,x,x,x,x,x,,,,,48,,,,,,,,,,37,,,65,,,,,,72,,,,
,,,,,420,421,422,423,424,,,453,,,,,,,,,,,,441,,,,x,x,x,x,x,x,x,x,x,x,x,x,x,x,x,x,x,x,x,x,x,x,x,x,x,x,x,x,x,x,x,x,x,x,x,x,x,x,x,x,x,x,x,x,x,,,,49,,,,,,,,,,,,36,,66,67,68,69,70,71,,,,,
,,,,,,,,,,,454,,,,,,,,,,,,,,440,,,x,x,x,x,x,x,x,x,x,x,x,x,x,x,x,x,x,x,x,x,x,x,x,x,x,x,x,x,x,x,x,x,x,x,x,x,x,x,x,x,x,x,x,x,x,,,50,,,,,,,,,,,,,,35,,,,,,,,,,,
,,,,,,,,,,,455,,,,,,,,,,,,,,439,,,x,x,x,x,x,x,x,x,x,x,x,x,x,x,x,x,x,x,x,x,x,x,x,x,x,x,x,x,x,x,x,x,x,x,x,x,x,x,x,x,x,x,x,x,x,,,51,,,,,,,,,,,,,,34,,,,,,,,,,,
,,,,,,,,,,,,456,,,,,,,,,,,,438,,,,x,x,x,x,x,x,x,x,x,x,x,x,x,x,x,x,x,x,x,x,x,x,x,x,x,x,x,x,x,x,x,x,x,x,x,x,x,x,x,x,x,x,x,x,x,,,,52,,,,,,,,,,,,33,,,,,,,,,,,,
,,,,,,,,,,,,,457,,,,,,,,,,437,,,,,x,x,x,x,x,x,x,x,x,x,x,x,x,x,x,x,x,x,x,x,x,x,x,x,x,x,x,x,x,x,x,x,x,x,x,x,x,x,x,x,x,x,x,x,x,,,,,53,,,,,,,,,,32,,,,,,,,,,,,,
,,,,,,,,,,,,,,458,,,,,,,,436,,,,,,x,x,x,x,x,x,x,x,x,x,x,x,x,x,x,x,x,x,x,x,x,x,x,x,x,x,x,x,x,x,x,x,x,x,x,x,x,x,x,x,x,x,x,x,x,,,,,,54,,,,,,,,31,,,,,,,,,,,,,,
,,,,,,,,,,,,,,,459,,,,,,435,,,,,,,x,x,x,x,x,x,x,x,x,x,x,x,x,x,x,x,x,x,x,x,x,x,x,x,x,x,x,x,x,x,x,x,x,x,x,x,x,x,x,x,x,x,x,x,x,,,,,,,55,,,,,,30,,,,,,,,,,,,,,,
,,,,,,,,,,,,,,,,430,431,432,433,434,,,,,,,,x,x,x,x,x,x,x,x,x,x,x,x,x,x,x,x,x,x,x,x,x,x,x,x,x,x,x,x,x,x,x,x,x,x,x,x,x,x,x,x,x,x,x,x,x,,,,,,,,56,57,58,59,60,,,,,,,,,,,,,,,,
,,,,,,,,,,,,,,,,,,,,,,,,,,,,x,x,x,x,x,x,x,x,x,x,x,x,x,x,x,x,x,x,x,x,x,x,x,x,x,x,x,x,x,x,x,x,x,x,x,x,x,x,x,x,x,x,x,x,x,,,,,,,,,,,,,,,,,,,,,,,,,,,,
,,,,,,,,,,,,,,,,,,,,,,,,,,,,x,x,x,x,x,x,x,x,x,x,x,x,x,x,x,x,x,x,x,x,x,x,x,x,x,x,x,x,x,x,x,x,x,x,x,x,x,x,x,x,x,x,x,x,x,,,,,,,,,,,,,,,,,,,,,,,,,,,,
,,,,,,,,,,,,,,,,474,473,472,471,470,,,,,,,,x,x,x,x,x,x,x,x,x,x,x,x,x,x,x,x,x,x,x,x,x,x,x,x,x,x,x,x,x,x,x,x,x,x,x,x,x,x,x,x,x,x,x,x,x,,,,,,,,14,13,12,11,10,,,,,,,,,,,,,,,,
,,,,,,,,,,,,,,,475,,,,,,469,,,,,,,x,x,x,x,x,x,x,x,x,x,x,x,x,x,x,x,x,x,x,x,x,x,x,x,x,x,x,x,x,x,x,x,x,x,x,x,x,x,x,x,x,x,x,x,x,,,,,,,15,,,,,,9,,,,,,,,,,,,,,,
,,,,,,,,,,,,,,476,,,,,,,,468,,,,,,x,x,x,x,x,x,x,x,x,x,x,x,x,x,x,x,x,x,x,x,x,x,x,x,x,x,x,x,x,x,x,x,x,x,x,x,x,x,x,x,x,x,x,x,x,,,,,,16,,,,,,,,8,,,,,,,,,,,,,,
,,,,,,,,,,,,,477,,,,,,,,,,467,,,,,x,x,x,x,x,x,x,x,x,x,x,x,x,x,x,x,x,x,x,x,x,x,x,x,x,x,x,x,x,x,x,x,x,x,x,x,x,x,x,x,x,x,x,x,x,,,,,17,,,,,,,,,,7,,,,,,,,,,,,,
,,,,,,,,,,,,478,,,,,,,,,,,,466,,,,x,x,x,x,x,x,x,x,x,x,x,x,x,x,x,x,x,x,x,x,x,x,x,x,x,x,x,x,x,x,x,x,x,x,x,x,x,x,x,x,x,x,x,x,x,,,,18,,,,,,,,,,,,6,,,,,,,,,,,,
,,,,,,,,,,,479,,,,,,,,,,,,,,465,,,x,x,x,x,x,x,x,x,x,x,x,x,x,x,x,x,x,x,x,x,x,x,x,x,x,x,x,x,x,x,x,x,x,x,x,x,x,x,x,x,x,x,x,x,x,,,19,,,,,,,,,,,,,,5,,,,,,,,,,,
,,,,,,,,,,,480,,,,,,,,,,,,,,464,,,x,x,x,x,x,x,x,x,x,x,x,x,x,x,x,x,x,x,x,x,x,x,x,x,x,x,x,x,x,x,x,x,x,x,x,x,x,x,x,x,x,x,x,x,x,,,20,,,,,,,,,,,,,,4,,,,,,,,,,,
,,,,,,,,,,,,481,,,,,,,,,,,,463,,,,x,x,x,x,x,x,x,x,x,x,x,x,x,x,x,x,x,x,x,x,x,x,x,x,x,x,x,x,x,x,x,x,x,x,x,x,x,x,x,x,x,x,x,x,x,,,,21,,,,,,,,,,,,3,,,,,,,,,,,,
,,,,,,,,,,,,,482,,,,,,,,,,462,,,,,x,x,x,x,x,x,x,x,x,x,x,x,x,x,x,x,x,x,x,x,x,x,x,x,x,x,x,x,x,x,x,x,x,x,x,x,x,x,x,x,x,x,x,x,x,,,,,22,,,,,,,,,,2,,,,,,,,,,,,,
,,,,,,,,,,,,,,483,,,,,,,,461,,,,,,x,x,x,x,x,x,x,x,x,x,x,x,x,x,x,x,x,x,x,x,x,x,x,x,x,x,x,x,x,x,x,x,x,x,x,x,x,x,x,x,x,x,x,x,x,,,,,,23,,,,,,,,1,,,,,,,,,,,,,,
,,,,,,,,,,,,,,,484,,,,,,460,,,,,,,x,x,x,x,x,x,x,x,x,x,x,x,x,x,x,x,x,x,x,x,x,x,x,x,x,x,x,x,x,x,x,x,x,x,x,x,x,x,x,x,x,x,x,x,x,,,,,,,24,,,,,,0,,,,,,,,,,,,,,,
,,,,,,,,,,,,,,,,485,486,487,488,489,,,,,,,,,,,,,,,,,,,,,,,,,,,,,,,,,,,,,,,,,,,,,,,,,,,,,,,,,,,,25,26,27,28,29,,,,,,,,,,,,,,,,